titleNorwegian,titleEnglish,genre,CEFR,norwegian,english,topic
Mia i åndeverdenen,Mia in the Spirit World,fantasy,A1,"Mia er en vanlig jente som bor i en liten by. En dag kjører hun og foreldrene til en ny by. På veien blir de sultne og stopper ved en gammel park. Foreldrene går for å finne noe å spise, men Mia er nysgjerrig og går inn i parken. Når Mia går lenger inn, ser hun noe rart. Hun ser en stor bygning med røde lanterner, og hun hører musikk langt borte. Det ser ut som parken er tom, men Mia føler at noe skjer her. Hun finner en stor port og åpner den. På den andre siden er alt annerledes! Parken er ikke tom lenger. Den er full av liv! Mia ser rare skapninger overalt. Noen ser ut som mennesker, andre som dyr eller ånder. I midten ser hun en stor badstue der mange vesener går inn og ut. Plutselig kommer en gutt med mørkt hår løpende mot henne. ""Hva gjør du her?"" spør han. ""Dette er en verden for ånder. Du må dra før de ser deg!"" Mia blir redd og snur seg for å gå tilbake, men porten er borte! ""Hva skal jeg gjøre nå?"" spør hun. ""Jeg skal hjelpe deg,"" sier gutten. ""Men du må jobbe her. Du må skjule at du er et menneske. Hvis noen oppdager det, vil du bli fanget her for alltid."" Mia blir med gutten, og han viser henne rundt i denne magiske verdenen. Hun møter mange rare skapninger og lærer å jobbe i badstuen. Hele tiden tenker Mia på hvordan hun kan komme hjem igjen. En dag hører Mia om en gammel ånd som kan hjelpe henne. Sammen med gutten bestemmer hun seg for å finne ånden. Kanskje kan ånden vise henne veien hjem.","Mia is an ordinary girl living in a small town. One day she and her parents drive to a new town. On the way, they get hungry and stop at an old park. Her parents go to find something to eat, but Mia is curious and enters the park. As Mia walks further in, she sees something strange. She sees a large building with red lanterns, and she hears music in the distance. It looks like the park is empty, but Mia feels that something is happening here. She finds a big gate and opens it. On the other side, everything is different! The park is no longer empty. It's full of life! Mia sees strange creatures everywhere. Some look like people, others like animals or spirits. In the middle, she sees a large sauna where many creatures go in and out. Suddenly, a boy with dark hair comes running towards her. “What are you doing here?” he asks. “This is a world for spirits. You have to leave before they see you!” Mia gets scared and turns to go back, but the gate is gone! “What should I do now?” she asks. “I'll help you,” says the boy. “But you have to work here. You have to hide that you're human. If anyone finds out, you'll be trapped here forever.” Mia joins the boy and he shows her around this magical world. She meets many strange creatures and learns to work in the sauna. All the time, Mia thinks about how she can get back home. One day, Mia hears about an old spirit who can help her. Together with the boy, she decides to find the spirit. Maybe the spirit can show her the way home.",Spirited Away
Vikingtiden,The Viking Age,history,A1,"Vikingtiden var for lenge siden, for over tusen år siden. Vikingene bodde i Norge, Sverige og Danmark. De var gode sjøfolk og hadde store skip som het «langskip». Vikingene reiste til mange land for å handle, men også for å krige. De dro til England, Frankrike og Russland. Noen vikinger bodde også på Island og Grønland. Mange historier om vikinger er veldig kjente i dag. De brukte hjelmer, men de hadde ikke horn som mange tror. Vikingene trodde på mange guder, som Odin og Tor. Vikingtiden sluttet rundt år ett tusen ett hundre.","The Viking Age was a long time ago, over a thousand years ago. The Vikings lived in Norway, Sweden and Denmark. They were good sailors and had large ships called “longships”. The Vikings traveled to many countries to trade, but also to wage war. They went to England, France and Russia. Some Vikings also lived in Iceland and Greenland. Many stories about Vikings are very well known today. They used helmets, but they did not have horns as many believe. The Vikings believed in many gods, such as Odin and Thor. The Viking Age ended around the year one thousand one hundred.",vikings
Maskinbyen,The City of Machines,science fiction,A1,"Lina bor i en stor by langt inn i fremtiden. Byen er full av høye bygninger og store fabrikker. Maskiner styrer nesten alt. Menneskene som bor her, jobber hardt hver dag. De bor under bakken og går opp til fabrikken for å jobbe. En dag får Lina vite noe merkelig. Det finnes en by oppe i himmelen! Den byen er vakker og lys, og folk der trenger ikke å jobbe. De har maskiner som gjør alt for dem. Lina bestemmer seg for å finne ut mer om denne byen. Hun går til en gammel heis, en heis som går opp til himmelen. Når Lina kommer opp, ser hun en vakker by med grønne parker og glade mennesker. Men de vet ingenting om menneskene som jobber under bakken. Lina møter en mann som heter Erik. Han er en av lederne i den øvre byen. ""Dere må hjelpe oss!"" sier Lina. ""Vi jobber hele dagen for å holde maskinene i gang. Men dere lever her uten å vite hva som skjer."" Erik blir sjokkert. Han visste ikke hvordan verden under bakken var. Sammen bestemmer de seg for å finne en løsning. Kanskje kan maskinene hjelpe alle, både de i byen oppe og de som jobber nede. Til slutt blir byene enige om å jobbe sammen. De skal bruke maskinene til å skape et bedre liv for alle.","Lina lives in a big city far into the future. The city is full of tall buildings and large factories. Machines control almost everything. The people who live here work hard every day. They live underground and go up to the factory to work. One day, Lina learns something strange. There is a city in the sky! That city is beautiful and bright, and the people there don't have to work. They have machines that do everything for them. Lina decides to find out more about this city. She goes to an old elevator, an elevator that goes up to the sky. When Lina comes up, she sees a beautiful city with green parks and happy people. But they know nothing about the people who work underground. Lina meets a man called Erik. He is one of the leaders of the upper city. “You have to help us!” says Lina. “We work all day to keep the machines running. But you live here without knowing what's going on.” Erik is shocked. He didn't know what the world below ground was like. Together they decide to find a solution. Maybe the machines can help everyone, both those in the city above and those working below. In the end, the cities agree to work together. They will use the machines to create a better life for everyone.",Metropolis
Solsystemet,The Solar System,science,A1,"Solsystemet er stort. Sola er i midten av solsystemet. Rundt sola er det åtte planeter. Den største planeten er Jupiter, og den minste planeten er Merkur. Jorda er den tredje planeten fra sola. Vi bor på jorda. Månen går rundt jorda. Noen planeter har mange måner, som Jupiter og Saturn. Saturn har også ringer rundt seg. Mars kalles «den røde planeten» fordi den ser rød ut. Alle planetene går rundt sola. Det tar ett år for jorda å gå rundt sola én gang.","The solar system is big. The sun is at the center of the solar system. Around the sun there are eight planets. The largest planet is Jupiter and the smallest planet is Mercury. Earth is the third planet from the sun. We live on Earth. The moon goes around the earth. Some planets have many moons, such as Jupiter and Saturn. Saturn also has rings around it. Mars is called “the red planet” because it looks red. All the planets go around the sun. It takes one year for the Earth to go around the sun one time.",solar system
Kunstig intelligens,Artificial Intelligence,technology,A2,"Kunstig intelligens, eller KI, er teknologi som gjør at maskiner kan tenke og lære på egen hånd. Vi ser KI overalt i dag, fra mobilen vi bruker, til biler som kan kjøre uten sjåfør. KI hjelper også leger med å finne ut hva som er galt med pasienter raskere, og det brukes i mange bedrifter for å gjøre arbeidet enklere. Det som er spennende med KI, er hvordan den kan tilpasse seg nye oppgaver. Selv om KI er veldig avansert, er det fortsatt mye vi ikke vet om hva den kan gjøre i fremtiden. Mange forskere jobber med å forbedre KI, slik at den kan løse enda større problemer, som klimaendringer og sykdommer. Men med all denne nye teknologien kommer også ansvar. Vi må passe på at KI brukes på en trygg og rettferdig måte, slik at den hjelper mennesker over hele verden. Kanskje om noen år vil KI bli en naturlig del av hverdagen vår, akkurat som internett er i dag.","Artificial intelligence, or AI, is technology that enables machines to think and learn on their own. We see AI everywhere today, from the mobile phones we use to cars that can drive without a driver. AI also helps doctors figure out what's wrong with patients faster, and it's used in many businesses to make work easier. What's exciting about AI is how it can adapt to new tasks. Even though AI is very advanced, there's still a lot we don't know about what it can do in the future. Many researchers are working to improve AI so that it can solve even bigger problems, such as climate change and disease. But with all this new technology comes responsibility. We need to make sure that AI is used safely and fairly, so that it helps people all over the world. Perhaps in a few years' time, AI will become a natural part of our everyday lives, just as the internet is today.",
Livet i Oslo,Life in Oslo,travel,A2,"Oslo er hovedstaden i Norge og en veldig spennende by å besøke. Byen ligger ved fjorden, omgitt av vakre fjell og skog. Her kan du oppleve både moderne bygninger og gamle, historiske steder. I Oslo finnes det mange parker og museer. Et av de mest kjente stedene er Vigelandsparken, hvor du kan se mange flotte statuer. Hvis du liker kunst, kan du også besøke det nye Munch-museet, som viser maleriene til Edvard Munch. Selv om Oslo er en storby, er det enkelt å komme seg ut i naturen. Du kan ta en kort tur med T-banen, og plutselig er du i skogen, klar for en fottur eller skitur om vinteren. Om sommeren kan du bade i fjorden eller dra på båttur til de små øyene. Oslo er en by med mange aktiviteter, både for de som liker kultur, shopping, og de som liker natur og friluftsliv. Det er et sted hvor du alltid kan finne noe å gjøre!","Oslo is the capital of Norway and a very exciting city to visit. The city is located by the fjord, surrounded by beautiful mountains and forests. Here you can experience both modern buildings and old, historic places. There are many parks and museums in Oslo. One of the most famous places is Vigelandsparken, where you can see many beautiful statues. If you like art, you can also visit the new Munch Museum, which displays the paintings of Edvard Munch. Even though Oslo is a big city, it's easy to get out into nature. You can take a short ride on the subway and suddenly you're in the woods, ready for a hike or ski trip in the winter. In summer, you can swim in the fjord or take a boat trip to the small islands. Oslo is a city with many activities, both for those who like culture and shopping, and for those who like nature and outdoor life. It's a place where you can always find something to do!",
Ankomsten av de tre solene,The Arrival of the Three Suns,science fiction,B1,"Jonas er en forsker som jobber ved et observatorium langt ute på landet. En kveld oppdager han noe merkelig. En stjerne, langt borte i universet, begynner å blinke på en uvanlig måte. Først tror han at det bare er en teknisk feil med teleskopet, men når han ser nærmere, innser han at stjernen oppfører seg som en slags kode. Det er som om noen prøver å sende en beskjed. Han begynner å studere signalet og finner ut at det kommer fra et solsystem med tre soler. Jonas blir både fascinert og redd. Hva betyr dette signalet? Hvem kan ha sendt det, og hvorfor? Etter flere uker med forskning og analyser oppdager Jonas noe sjokkerende. Beskjeden kommer fra en sivilisasjon som lever i dette solsystemet med tre soler. De kaller seg ""Trisolaris"". På grunn av de tre solene er planeten deres i konstant kaos. Noen ganger blir planeten så varm at vannet koker, og andre ganger er det så kaldt at alt fryser til is. De lever i frykt for at planeten deres snart vil bli ødelagt. Men det mest skremmende er at de har planer om å flykte fra sitt solsystem – og de vil komme til jorden. De tror at jorden kan være deres nye hjem, men Jonas vet at dette kan bety en stor fare for menneskeheten. Jonas deler oppdagelsen med verdens ledere, men de er splittet i hvordan de skal reagere. Noen mener at menneskene bør forberede seg på krig, mens andre tror at de kan samarbeide med Trisolaris. Jonas selv er usikker. Han forstår at de har teknologi som er langt mer avansert enn menneskenes, og han frykter at et møte med dem kan ende med katastrofe. Men en dag får Jonas en ny melding fra Trisolaris. De sier at de allerede har sendt en flåte av skip mot jorden. Den vil nå frem om 400 år. Nå står menneskeheten overfor et vanskelig valg. Skal de bruke de neste hundreårene på å forberede seg til kamp, eller skal de prøve å forstå og kanskje samarbeide med den ukjente sivilisasjonen? Tiden går, og Jonas vet at fremtiden til jorden kan avhenge av beslutningene som tas nå. Menneskene har aldri før møtt en trussel som denne. Det eneste de vet, er at de tre solene kommer nærmere, og at tiden tikker raskt mot en ukjent fremtid.","Jonas is a scientist working at an observatory in the countryside. One evening he notices something strange. A star, far away in the universe, starts blinking in an unusual way. At first he thinks it's just a technical fault with the telescope, but when he looks closer, he realizes that the star is behaving like some kind of code. It's as if someone is trying to send a message. He starts to study the signal and finds that it comes from a solar system with three suns. Jonas is both fascinated and scared. What does this signal mean? Who could have sent it, and why? After weeks of research and analysis, Jonas discovers something shocking. The message comes from a civilization that lives in this solar system with three suns. They call themselves “Trisolaris”. Because of the three suns, their planet is in constant chaos. Sometimes the planet gets so hot that the water boils, and other times it's so cold that everything freezes. They live in fear that their planet will soon be destroyed. But the most frightening thing is that they have plans to escape from their solar system - and they want to come to Earth. They believe that Earth could be their new home, but Jonas knows that this could mean great danger for humanity. Jonas shares his discovery with the world's leaders, but they are divided on how to react. Some believe that humans should prepare for war, while others believe that they can cooperate with Trisolaris. Jonas himself is unsure. He understands that their technology is far more advanced than that of humans, and he fears that an encounter with them could end in disaster. But one day, Jonas receives a new message from Trisolaris. They say that they have already sent a fleet of ships towards Earth. It will arrive in 400 years. Now humanity is faced with a difficult choice. Should they spend the next hundred years preparing for battle, or should they try to understand and perhaps cooperate with the unknown civilization? Time is running out, and Jonas knows that the future of Earth may depend on the decisions made now. Humans have never faced a threat like this before. All they know is that the three suns are getting closer and time is ticking rapidly towards an unknown future.",Three Body Problem
Planters hemmelige energi,The Secret Energy of Plants,science,B1,"Fotosyntese er en viktig prosess som skjer i planter, alger og noen bakterier. Uten fotosyntese ville det ikke vært liv på jorden slik vi kjenner det. Men hva er egentlig fotosyntese, og hvordan fungerer det? Fotosyntese er måten planter lager sin egen mat på. De bruker lys fra solen til å omdanne karbondioksid fra luften og vann fra bakken til sukker og oksygen. Sukkeret gir planten energi til å vokse og leve, mens oksygenet slippes ut i luften. Dette er oksygenet vi mennesker og dyr trenger for å puste. Prosessen skjer i celler som kalles kloroplaster, som finnes i plantenes blader. Kloroplastene inneholder et grønt stoff som heter klorofyll, og det er klorofyllet som fanger sollyset. Når sollyset treffer bladene, starter fotosyntesen. Fotosyntese kan deles inn i to hoveddeler. Den første delen kalles lysreaksjonen. I denne fasen bruker planten lys fra solen for å lage energi i form av kjemiske forbindelser. Denne energien brukes i den andre delen av prosessen, som kalles mørkereaksjonen, eller Calvin-syklusen. Her blir karbondioksid og vann omdannet til sukker. Fotosyntesen er viktig for hele økosystemet. Ikke bare gir den planter energi til å vokse, men den gir også mat til dyr og mennesker. Planter er grunnlaget for mange næringskjeder, og uten fotosyntesen ville livet på jorden sett helt annerledes ut. Dessuten bidrar fotosyntese til å balansere nivået av oksygen og karbondioksid i atmosfæren, noe som er viktig for klimaet. Denne prosessen er et fantastisk eksempel på hvordan naturen har utviklet smarte systemer for å opprettholde liv. Planter kan kanskje virke enkle, men uten dem ville verden vært et mye vanskeligere sted å leve i.","Photosynthesis is an important process that occurs in plants, algae and some bacteria. Without photosynthesis, there would be no life on Earth as we know it. But what exactly is photosynthesis and how does it work? Photosynthesis is the way plants make their own food. They use light from the sun to convert carbon dioxide from the air and water from the ground into sugar and oxygen. The sugar gives the plant energy to grow and live, while the oxygen is released into the air. This is the oxygen we humans and animals need to breathe. The process takes place in cells called chloroplasts, which are found in the leaves of plants. The chloroplasts contain a green substance called chlorophyll, and it is the chlorophyll that captures the sunlight. When the sunlight hits the leaves, photosynthesis starts. Photosynthesis can be divided into two main parts. The first part is called the light reaction. In this phase, the plant uses light from the sun to create energy in the form of chemical compounds. This energy is used in the second part of the process, which is called the dark reaction, or the Calvin cycle. Here, carbon dioxide and water are converted into sugar. Photosynthesis is important for the entire ecosystem. Not only does it give plants the energy to grow, but it also provides food for animals and humans. Plants are the basis of many food chains, and without photosynthesis, life on earth would look very different. Moreover, photosynthesis helps to balance the level of oxygen and carbon dioxide in the atmosphere, which is important for the climate. This process is an amazing example of how nature has developed clever systems to sustain life. Plants may seem simple, but without them the world would be a much harder place to live in.",photosynthesis
Den industrielle revolusjonen,The Industrial Revolution,history,B1,"Den industrielle revolusjonen var en tid med store forandringer, både for mennesker og for samfunnet. Denne perioden startet på slutten av 1700-tallet i Storbritannia, og spredte seg raskt til andre deler av verden. Før den industrielle revolusjonen levde de fleste mennesker på landsbygda og jobbet som bønder. De brukte enkle verktøy, og alt ble laget for hånd. Men med nye oppfinnelser, som dampmaskinen og spinnemaskiner, kunne varer nå produseres raskere og i større mengder. Fabrikker ble bygget, og mange mennesker flyttet til byene for å jobbe der. En av de viktigste oppfinnelsene var dampmaskinen, laget av James Watt. Dampmaskinen ble brukt i fabrikker, gruver, og til og med i tog og skip. Dette gjorde det mye lettere å transportere varer og mennesker. Før i tiden tok det mange dager eller uker å reise lange avstander, men nå kunne folk reise raskere enn før. Med industrien kom også nye sosiale utfordringer. Fabrikkene trengte mange arbeidere, og mange mennesker jobbet lange dager under vanskelige forhold. Barn arbeidet ofte i fabrikkene, og lønningene var lave. Dette førte til protester og krav om bedre arbeidsforhold. Etter hvert ble det innført lover som ga arbeidere flere rettigheter, som kortere arbeidsdager og bedre lønn. Den industrielle revolusjonen endret måten vi lever på. Mange av tingene vi bruker i dag, som biler, tog, og elektriske apparater, har sitt opphav i denne tiden. Industrien vokste, og det samme gjorde byene. Dette var en tid da menneskers liv ble forandret for alltid, og den industrielle revolusjonen har hatt stor betydning for hvordan verden ser ut i dag.","The Industrial Revolution was a time of great change, both for people and for society. This period started in the late 18th century in the UK, and quickly spread to other parts of the world. Before the Industrial Revolution, most people lived in the countryside and worked as farmers. They used simple tools and everything was made by hand. But with new inventions, such as the steam engine and spinning machines, goods could now be produced faster and in larger quantities. Factories were built and many people moved to the cities to work there. One of the most important inventions was the steam engine, created by James Watt. The steam engine was used in factories, mines, and even in trains and ships. This made it much easier to transport goods and people. It used to take many days or weeks to travel long distances, but now people could travel faster than before. With industry also came new social challenges. Factories needed a lot of workers, and many people worked long days in difficult conditions. Children often worked in the factories and wages were low. This led to protests and demands for better working conditions. Eventually, laws were introduced that gave workers more rights, such as shorter working days and better pay. The Industrial Revolution changed the way we live. Many of the things we use today, such as cars, trains and electrical appliances, originated during this time. Industry grew, and so did cities. This was a time when people's lives were changed forever, and the Industrial Revolution has had a huge impact on how the world looks today.",industrial revolution
Kampen om den frosne tronen,The Fight for the Frozen Throne,fantasy,B1,"I et land langt mot nord, hvor vinteren varer i mange år, ligger kongeriket Frostheim. Kongen der, Eirik Isbjørn, har sittet på Den frosne tronen i over tjue år. Men mørke skyer samler seg over riket, og vinteren blir bare kaldere og hardere. Rykter sprer seg om at Eirik er syk, og mange lurer på hvem som vil ta over tronen når han dør. Frostheim er et kaldt og farlig sted, omgitt av isdekte fjell og mørke skoger. Men enda farligere er menneskene som ønsker makt. Familien Ulvetann, en gammel og mektig slekt fra sør, har lenge ønsket å ta kontroll over Frostheim. De tror tiden nå er inne. Kongen har to barn, prinsen Håvard og prinsessen Ingrid. Håvard er sterk og dyktig i kamp, men han er også stolt og utålmodig. Ingrid, derimot, er klok og godhjertet, men mange i riket mener at en kvinne ikke kan sitte på Den frosne tronen. Når kongen blir alvorlig syk, begynner kampen om tronen. Håvard vil samle hæren sin og gå til krig mot Ulvetann, men Ingrid mener at krig vil ødelegge riket. Hun vil finne en annen løsning, en måte å samle folket på uten blodutgytelse. I mellomtiden, langt nord for Frostheim, våkner gamle legender til live. Isvokterne, mystiske skapninger som har sovet i mange hundre år, begynner å røre på seg. De bærer med seg en kulde som ingen har sett før, en kulde som fryser alt det berører. Ryktet sier at de kommer for å kreve tronen for seg selv. Mens Håvard forbereder seg til krig mot Ulvetann-familien, reiser Ingrid nordover for å finne ut om ryktene om Isvokterne er sanne. På reisen møter hun allierte og fiender, og hun oppdager gamle hemmeligheter om familien sin og tronen. Når vinteren blir enda strengere, og krigen mellom Ulvetann og Frostheim virker uunngåelig, står Håvard og Ingrid overfor et valg: Skal de kjempe hver sin kamp, eller skal de stå sammen mot den større trusselen fra nord? Isvokterne kommer nærmere, og riket står på kanten av ødeleggelse. Bare den rette lederen kan redde Frostheim, men hvem det blir – Håvard, Ingrid, eller noen helt andre – er fortsatt usikkert. Vinteren er her, og kampen om Den frosne tronen har begynt.","In a land far to the north, where winter lasts for many years, lies the kingdom of Frostheim. The king there, Eirik Isbjørn, has sat on the Frozen Throne for over twenty years. But dark clouds are gathering over the kingdom and the winter is getting colder and colder. Rumors are spreading that Eirik is ill, and many wonder who will take over the throne when he dies. Frostheim is a cold and dangerous place, surrounded by ice-covered mountains and dark forests. But even more dangerous are the people who want power. The Ulvetann family, an old and powerful family from the south, have long wanted to take control of Frostheim. They believe the time is now right. The king has two children, Prince Håvard and Princess Ingrid. Håvard is strong and skilled in battle, but he is also proud and impatient. Ingrid, on the other hand, is wise and kind-hearted, but many in the kingdom believe that a woman cannot sit on the Frozen Throne. When the king falls seriously ill, the battle for the throne begins. Håvard wants to gather his army and go to war against Wolf Tooth, but Ingrid believes that war will destroy the kingdom. She wants to find another solution, a way to unite the people without bloodshed. Meanwhile, far north of Frostheim, old legends come to life. The ice guardians, mysterious creatures that have slept for centuries, begin to stir. They bring with them a cold that no one has seen before, a cold that freezes everything it touches. Rumor has it that they are coming to claim the throne for themselves. While Håvard prepares for war against the Wolf Tooth family, Ingrid travels north to find out if the rumors about the Ice Guardians are true. On her journey, she meets allies and enemies, and discovers old secrets about her family and her throne. As the winter becomes even harsher, and the war between Ulvetann and Frostheim seems inevitable, Håvard and Ingrid are faced with a choice: Should they fight their separate battles, or should they stand together against the greater threat from the north? The ice guardians are closing in, and the kingdom stands on the edge of destruction. Only the right leader can save Frostheim, but who that will be - Håvard, Ingrid, or someone else entirely - is still uncertain. Winter is here, and the battle for the Frozen Throne has begun.",A Song of Ice and Fire
Hannah Arendt,Hannah Arendt,biography,B1,"Hannah Arendt (1906–1975) var en tysk-amerikansk filosof og politisk teoretiker, kjent for sine ideer om makt, totalitarisme og frihet. Hun ble født i Linden, som den gang var en del av Tyskland, og vokste opp i en jødisk familie. Arendt studerte filosofi ved flere tyske universiteter, blant annet under den kjente filosofen Martin Heidegger, som også var en viktig innflytelse i hennes tidlige karriere. På grunn av sin jødiske bakgrunn ble Arendt tvunget til å flykte fra Tyskland da nazistene kom til makten i 1933. Først reiste hun til Frankrike, hvor hun hjalp andre jødiske flyktninger, men i 1941 måtte hun flykte videre til USA for å unnslippe de nazistiske okkupasjonsstyrkene. I USA slo Arendt seg ned i New York, hvor hun ble en viktig stemme i filosofiske og politiske debatter. En av hennes mest kjente bøker er Totalitarismens opprinnelse (1951), hvor hun analyserer hvordan totalitære regimer som nazismen og stalinismen oppsto. Hun var også opptatt av spørsmål om frihet og demokrati, og hvordan mennesker kan leve sammen i et fritt samfunn. Et annet kjent verk er Eichmann i Jerusalem (1963), der Arendt rapporterte fra rettssaken mot Adolf Eichmann, en av nazilederne som var ansvarlig for Holocaust. I boken utviklet hun begrepet ""ondskapens banalitet"", som beskrev hvordan vanlige mennesker kan begå grusomme handlinger uten nødvendigvis å være ondskapsfulle, men heller fordi de blindt følger ordre. Arendts arbeid har hatt stor betydning for moderne politisk filosofi, spesielt når det gjelder forståelsen av makt, frihet og menneskets ansvar i samfunnet. Hun døde i New York i 1975, men hennes tanker og ideer fortsetter å inspirere folk til å reflektere over politikk og etikk i dagens verden.","Hannah Arendt (1906-1975) was a German-American philosopher and political theorist, known for her ideas on power, totalitarianism and freedom. She was born in Linden, then part of Germany, and grew up in a Jewish family. Arendt studied philosophy at several German universities, including under the renowned philosopher Martin Heidegger, who was also an important influence in her early career. Because of her Jewish background, Arendt was forced to flee Germany when the Nazis came to power in 1933. She first traveled to France, where she helped other Jewish refugees, but in 1941 she had to flee to the United States to escape the Nazi occupation forces. In the US, Arendt settled in New York, where she became an important voice in philosophical and political debates. One of her most famous books is The Origins of Totalitarianism (1951), in which she analyzes how totalitarian regimes such as Nazism and Stalinism arose. She was also concerned with issues of freedom and democracy, and how people can live together in a free society. Another famous work is Eichmann in Jerusalem (1963), in which Arendt reported on the trial of Adolf Eichmann, one of the Nazi leaders responsible for the Holocaust. In the book, she developed the concept of the “banality of evil”, describing how ordinary people can commit cruel acts without necessarily being evil, but rather because they blindly follow orders. Arendt's work has had a major impact on modern political philosophy, particularly in terms of understanding power, freedom and human responsibility in society. She died in New York in 1975, but her thoughts and ideas continue to inspire people to reflect on politics and ethics in today's world.",
Sigmund Freud,Sigmund Freud,biography,C,"Sigmund Freud (1856–1939) var en østerriksk nevrolog og grunnleggeren av psykoanalysen, en innflytelsesrik teori om menneskets psyke og behandlingsmetode for psykiske lidelser. Freud ble født i Freiberg, Moravia (nå en del av Tsjekkia), men tilbrakte mesteparten av sitt liv i Wien, hvor han utviklet sine banebrytende ideer. Freud studerte medisin ved Universitetet i Wien, hvor han spesialiserte seg i nevrologi. I sine tidlige år som lege var han spesielt interessert i hysteri og nevroser, og samarbeidet med den franske nevrologen Jean-Martin Charcot, som benyttet hypnose i behandling av psykiske lidelser. Dette vekket Freuds interesse for det ubevisste sinnets rolle i menneskelig adferd, noe som senere skulle bli kjernen i hans teorier. Freud introduserte begreper som ""det ubevisste"", ""fortrengning"" og ""overføring"", og utviklet en strukturmodell av psyken delt inn i tre deler: id, ego og superego. Ifølge Freud var mye av menneskets atferd styrt av indre konflikter mellom disse elementene, ofte drevet av ubevisste ønsker, spesielt knyttet til seksualitet og aggresjon. Hans teorier om den psykoseksuelle utviklingen, inkludert den kontroversielle Oidipus-komplekset, utfordret samtidens syn på barndommen og menneskelig utvikling. Psykoanalysen, Freuds terapimetode, bygde på å bringe ubevisste konflikter til bevisstheten gjennom teknikker som fri assosiasjon og drømmetydning. Freud mente at drømmer var ""kongeveien til det ubevisste"", og han la stor vekt på å tolke drømmer for å avsløre underliggende ønsker og frykter. Selv om Freuds teorier møtte kritikk, både i sin samtid og i moderne tid, hadde han en dyp og varig innflytelse på psykologi, litteratur, kunst og filosofi. Mange av hans begreper har blitt en del av hverdagsspråket, og psykoanalysen fortsatte å utvikle seg gjennom hans elever, som Carl Jung og Alfred Adler, som på sin side utvidet og modifiserte hans ideer. I 1938, på grunn av nazistenes invasjon av Østerrike, flyktet Freud og hans familie til London. Han døde der året etter, etter en lang kamp med kjevekreft. Freud etterlot seg en rik arv av skrifter og ideer som fortsetter å påvirke og inspirere diskusjoner om menneskesinnet og dets dypeste hemmeligheter.","Sigmund Freud (1856-1939) was an Austrian neurologist and the founder of psychoanalysis, an influential theory of the human psyche and treatment method for mental disorders. Freud was born in Freiberg, Moravia (now part of the Czech Republic), but spent most of his life in Vienna, where he developed his groundbreaking ideas. Freud studied medicine at the University of Vienna, where he specialized in neurology. In his early years as a doctor, he was particularly interested in hysteria and neuroses, and collaborated with the French neurologist Jean-Martin Charcot, who used hypnosis to treat mental disorders. This sparked Freud's interest in the role of the unconscious mind in human behavior, which would later become the core of his theories. Freud introduced concepts such as “the unconscious”, “repression” and “transference”, and developed a structural model of the psyche divided into three parts: id, ego and superego. According to Freud, much of human behavior was governed by inner conflicts between these elements, often driven by unconscious desires, especially related to sexuality and aggression. His theories on psychosexual development, including the controversial Oedipus complex, challenged contemporary views on childhood and human development. Psychoanalysis, Freud's method of therapy, was based on bringing unconscious conflicts to consciousness through techniques such as free association and dream interpretation. Freud believed that dreams were “the royal road to the unconscious”, and he placed great emphasis on interpreting dreams to reveal underlying desires and fears. Although Freud's theories faced criticism, both in his own time and in modern times, he had a profound and lasting influence on psychology, literature, art and philosophy. Many of his concepts have become part of everyday language, and psychoanalysis continued to develop through his students, such as Carl Jung and Alfred Adler, who in turn expanded and modified his ideas. In 1938, due to the Nazi invasion of Austria, Freud and his family fled to London. He died there the following year, after a long battle with jaw cancer. Freud left behind a rich legacy of writings and ideas that continue to influence and inspire discussions about the human mind and its deepest secrets.",
Kvelden ved fjorden,The Evening by the Fjord,dialogue,B2,"Jonas satt på en slitt, trebenk ved fjorden og så ut over vannet. Det var en sen sommerkveld, og lyset var varmt, nesten gyllent, selv om sola allerede hadde begynt å synke bak fjellene i det fjerne. Ved siden av ham satt Marte med beina trukket opp under seg, skuldrene litt krum i den kjølige brisen. ""Det er rart å tenke på at jeg kanskje aldri kommer til å bo her igjen,"" sa Marte og kastet et blikk mot horisonten. ""Jeg mener, jeg har bodd her hele livet, men nå føles alt bare... midlertidig."" Jonas nikket sakte, som om han veide ordene hennes. ""Du skal jo bare studere i Oslo,"" sa han og prøvde å holde tonen lett. ""Det er ikke som om du skal til Australia eller noe."" ""Nei, men du vet hvordan det er,"" svarte Marte med et lite skuldertrekk. ""Når man først drar, så forandrer alt seg. Folk går videre, ting skjer… du kommer jo sikkert også til å dra snart?"" Jonas sukket og trakk pusten dypt. ""Jeg vet ikke helt, egentlig. Har tenkt på det, men... samtidig er det mye som holder meg her. Familien, jobben, vennene."" ""Hva med Lina, da?"" spurte hun, med et lite smil som ikke nådde øynene. ""Er ikke hun en del av planen din?"" Jonas stirret ut over vannet i et par sekunder før han svarte, som om han lette etter ordene et sted der ute. ""Jo, på en måte,"" sa han lavt. ""Men vi har ikke akkurat snakket om fremtiden på den måten. Jeg tror vi begge bare... tar det som det kommer."" Marte rynket pannen litt og lente seg nærmere. ""Men det er jo akkurat det! Hvor lenge skal man egentlig bare ta ting som de kommer? Når vet man at noe er verdt å satse på, liksom?"" Jonas lo kort og ristet på hodet. ""Hvis jeg visste det, hadde jeg sikkert vært mye lykkeligere."" Det ble stille mellom dem igjen, mens lyden av bølgene mot strandkanten fylte pausen. Marte tok en liten stein og kastet den ut i vannet, så på de små ringene som spredte seg. ""Du vet,"" begynte hun igjen, ""jeg tror kanskje jeg trenger å finne ut av hvem jeg er uten alt dette. Uten denne byen, uten alle forventningene…"" Jonas smilte litt, som om han kjente igjen følelsen. ""Det gir mening,"" sa han rolig. ""Man blir liksom litt fanget her, i det kjente og trygge."" Marte nikket, og blikkene deres møttes, begge litt melankolske, litt drømmende. ""Men det er ikke bare tryggheten jeg kommer til å savne,"" sa hun og så ned. ""Det er menneskene, øyeblikkene som dette. De små tingene som gjør at man føler seg... hjemme."" Jonas la hånden på skulderen hennes et øyeblikk. ""Det er de tingene som gjør det verdt å komme tilbake, vet du."" Marte smilte svakt og la hodet på skrå. ""Ja, kanskje. Eller så finner jeg et nytt sted som føles som hjemme."" ""Det håper jeg,"" sa Jonas, mens han så ut over fjorden igjen. ""Men du skal vite, Marte... du vil alltid ha en plass her. I denne byen, hos oss. Hos meg."" Det ble stille igjen, og de satt sånn, side ved side, i lyset fra den nedgående solen.","Jonas sat on a worn wooden bench by the fjord and looked out over the water. It was a late summer evening and the light was warm, almost golden, even though the sun had already begun to sink behind the mountains in the distance. Next to him sat Marte with her legs pulled up under her, her shoulders slightly hunched in the cool breeze. “It's strange to think that I might never live here again,” Marte said, glancing towards the horizon. “I mean, I've lived here all my life, but now everything just feels... temporary.” Jonas nodded slowly, as if weighing her words. “You're just going to study in Oslo,” he said, trying to keep his tone light. “It's not like you're going to Australia or anything.” “No, but you know how it is,” Marte replied with a small shrug. “When you first leave, everything changes. People move on, things happen... surely you'll be leaving soon too?” Jonas sighed and took a deep breath. “I don't know, really. I've thought about it, but... at the same time, there's a lot that keeps me here. Family, work, friends.” “What about Lina, then?” she asked, with a small smile that didn't reach her eyes. “Isn't she part of your plan?” Jonas stared out over the water for a few seconds before answering, as if searching for the words somewhere out there. “Well, sort of,” he said quietly. “But we haven't exactly talked about the future in that way. I think we're both just... taking it as it comes.” Marte frowned slightly and leaned closer. “But that's exactly it! How long should you just take things as they come? When do you know that something is worth investing in?” Jonas laughed briefly and shook his head. “If I knew that, I'd probably be a lot happier.” Silence fell between them again, as the sound of the waves crashing against the shore filled the pause. Marte picked up a small stone and threw it into the water, watching the small rings spread. “You know,” she began again, ”I think maybe I need to find out who I am without all this. Without this city, without all the expectations...” Jonas smiled a little, as if he recognized the feeling. “It makes sense,” he said calmly. “You kind of get trapped here, in the familiar and safe.” Marte nodded, and their eyes met, both a little melancholy, a little dreamy. “But it's not just the security that I'm going to miss,” she said, looking down. “It's the people, the moments like this. The little things that make you feel... at home.” Jonas put his hand on her shoulder for a moment. “It's those things that make it worth coming back, you know.” Marte smiled faintly and tilted her head. “Yes, maybe they are. Or maybe I'll find a new place that feels like home.” “I hope so,” said Jonas, looking out over the fjord again. “But I want you to know, Marte... you will always have a place here. In this city, with us. With me.” There was silence again, and they sat like that, side by side, in the light of the setting sun.",
Hytta i mørket,The Cabin in the Dark,horror,B2,"Det var midt på vinteren da Martin og Sigrid ankom den gamle fjellhytta. Snøen lå tett rundt hytta, som om den prøvde å sluke den hel. Trærne sto som mørke skygger i bakgrunnen, bare vage silhuetter i det svake lyset fra Martins lommelykt. Det hadde vært et gammelt familiested, men ingen hadde brukt hytta på mange, mange år. “Er du sikker på at vi burde være her?” spurte Sigrid og kastet et blikk rundt seg. Øynene hennes gled over de mørke vinduene som stirret tilbake som tomme, døde øyne. Martin lo lavt, men uten særlig overbevisning. “Det blir fint, litt rustikt kanskje, men... vi trenger en pause fra byen.” Inne var det kaldt og lukta av mugg hang i luften. Martin slo på lysbryteren, men ingenting skjedde. “Fantastisk,” mumlet han og dro fram en ekstra lommelykt. “Strømmen er sikkert av.” De pakket ut raskt og tente et par stearinlys. Hytta føltes trang, nesten som om veggene presset seg innover. Et gammelt, skittent speil hang på veggen i stua, og det virket som om refleksjonen deres i det flimret i stearinlysets flakkende skinn. “Jeg føler meg rar her,” sa Sigrid og krysset armene over brystet. “Som om noen ser på oss.” “Det er sikkert bare uvanlig å være så isolert,” svarte Martin, men han kunne ikke la være å kaste et blikk over skulderen. Natta falt tungt, og en isende kulde bredte seg. Sigrid lå våken, stirrende opp i mørket mens vinden ulte utenfor. Plutselig hørte hun en lav banking fra et sted i hytta, nesten som en knoket knoke som slo mot treverket. Hun lente seg over og ristet Martin våken. “Hørte du det?” hvisket hun. Martin satte seg opp, lyttende. Der, igjen. Et langsomt, monotont bank, som kom fra gangen utenfor rommet deres. “Det er sikkert bare vinden,” sa Martin, men stemmen hans var lav, nesten som om han prøvde å overbevise seg selv. De lå og lyttet til lyden, til den plutselig stoppet. Etter en stund falt de tilbake i urolig søvn. Neste morgen så Martin at noe var skrevet i støvet på speilet i stua. Det sto, med svake, klorete bokstaver: Gå mens du kan. “Sigrid...” begynte han, men stemmen døde ut da hun kom fram. Ansiktet hennes bleknet. “Dette er ikke... Dette kan ikke være en spøk,” sa hun, skjelvende. Men hvem kunne ha skrevet det? De hadde vært alene hele natta. De prøvde å riste det av seg, men følelsen av uhygge hang tungt i rommet. De bestemte seg for å utforske litt rundt hytta for å se om de fant noen ledetråder. Da de kom ut, så de fotspor i snøen, men de ledet ikke til eller fra hytta. De bare... var der, rundt inngangspartiet, som om noen hadde stått der og ventet. “Det er umulig,” sa Martin, mens han kjente hvordan hårene reiste seg på armene. “Vi hadde låst døra hele natten.” Sigrid tok et skritt tilbake, skremt. “Vi må dra herfra, Martin. Jeg orker ikke en natt til her.” Men snøstormen som kom sigende var uunngåelig. Uansett hvor mye de ønsket å dra, ville de aldri klare det i uværet. De var fanget. Den natten ble bankingen sterkere. Ikke bare i gangen, men rett utenfor soveromsdøren. En lav, grusom hvisking kom sammen med bankene, utydelig, men insisterende, som om den ville snike seg inn i hodet på dem. Lyden skrapte i hodet til Sigrid, og hun holdt seg for ørene, men lyden ble bare sterkere. Plutselig slo døra opp med et brak, og der i døråpningen sto en mørk, forvridd skikkelse. Øynene lyste som to dype, sorte hull i skinnet fra stearinlyset, og en råtten lukt fylte rommet. Martin forsøkte å rope, men lyden døde ut i halsen hans. Sigrid kunne bare stirre, paralysert av frykt. Skikkelsen trakk seg sakte inn i mørket igjen, men de hørte fortsatt hviskingen, som en klam hånd mot huden. Og der, i speilet overfor dem, sto det skrevet med enda dypere, klorete bokstaver: Dere kommer aldri til å dra.","It was the middle of winter when Martin and Sigrid arrived at the old mountain cabin. The snow lay thick around the cabin, as if it was trying to swallow it whole. The trees stood like dark shadows in the background, just vague silhouettes in the dim light of Martin's torch. It had been an old family place, but no one had used the cabin for many, many years. “Are you sure we should be here?” Sigrid asked, glancing around. Her eyes glided over the dark windows that stared back like empty, dead eyes. Martin laughed low, but without much conviction. “It'll be nice, a bit rustic maybe, but... we need a break from the city.” Inside it was cold and the smell of mold hung in the air. Martin turned on the light switch, but nothing happened. “Fantastic,” he muttered and pulled out an extra torch. “The power's probably off.” They unpacked quickly and lit a couple of candles. The cabin felt cramped, almost as if the walls were pushing inwards. An old, dirty mirror hung on the wall in the living room, and it seemed as if their reflection in it flickered in the candle's flickering light. “I feel weird here,” Sigrid said, crossing her arms over her chest. “Like someone's watching us.” “It's probably just unusual to be so isolated,” Martin replied, but he couldn't help glancing over his shoulder. The night fell heavily, and an icy chill spread. Sigrid lay awake, staring into the darkness as the wind howled outside. Suddenly she heard a low knocking from somewhere in the cabin, almost like a bony knuckle hitting the wood. She leaned over and shook Martin awake. “Did you hear that?” she whispered. Martin sat up, listening. There, again. A slow, monotonous knock, coming from the hallway outside their room. “It's probably just the wind,” Martin said, but his voice was low, almost as if he was trying to convince himself. They lay listening to the sound until it suddenly stopped. After a while, they fell back into a restless sleep. The next morning, Martin saw something written in the dust on the mirror in the living room. It read, in faint, scratchy letters: Go while you can. “Sigrid...” he began, but his voice died out as she came forward. Her face paled. “This isn't... This can't be a joke,” she said, trembling. But who could have written it? They had been alone all night. They tried to shake it off, but the feeling of eeriness hung heavy in the room. They decided to do some exploring around the cabin to see if they could find any clues. When they came out, they saw footprints in the snow, but they didn't lead to or from the cabin. They just... were there, around the entrance, as if someone had been standing there waiting. “It's impossible,” Martin said, feeling the hairs stand up on his arms. “We had locked the door all night.” Sigrid took a step back, startled. “We have to get out of here, Martin. I can't stand another night here.” But the coming blizzard was inevitable. No matter how much they wanted to leave, they would never make it in the storm. They were trapped. That night, the knocking grew louder. Not just in the hallway, but right outside the bedroom door. A low, cruel whisper accompanied the knocking, indistinct but insistent, as if it wanted to sneak into their heads. The sound scratched Sigrid's head and she covered her ears, but the sound only got louder. Suddenly, the door burst open with a crash, and there in the doorway stood a dark, twisted figure. His eyes shone like two deep, black holes in the candlelight, and a rotten smell filled the room. Martin tried to shout, but the sound died out in his throat. Sigrid could only stare, paralyzed with fear. The figure slowly withdrew into the darkness again, but they could still hear the whispering, like a clammy hand against the skin. And there, in the mirror opposite them, it was written in even deeper, scratchy letters: You will never leave.",The Shining
Norske politiske partier,Political Parties in Norway,politics,A2,"I Norge har vi flere politiske partier. De største partiene er Arbeiderpartiet, Høyre, Fremskrittspartiet, Senterpartiet, Venstre, Kristelig Folkeparti, Sosialistisk Venstreparti og Miljøpartiet De Grønne. Hvert parti har sine egne ideer og mål for landet. Arbeiderpartiet jobber ofte for rettferdighet, flere jobber og et sterkt velferdssystem. Høyre fokuserer på økonomisk vekst, private løsninger og lavere skatter. Fremskrittspartiet vil ha mindre skatt og strengere regler for innvandring. Senterpartiet ønsker at Norge skal ha sterke bygder og fokus på jordbruk og lokale saker. Venstre er et parti som jobber for miljø, utdanning og teknologi. Kristelig Folkeparti er opptatt av familieverdier og kristne tradisjoner. Sosialistisk Venstreparti ønsker rettferdighet og ønsker at alle skal ha de samme mulighetene. Miljøpartiet De Grønne fokuserer på klima og ønsker en grønnere framtid. Disse partiene jobber sammen på forskjellige måter for å finne løsninger som passer for hele Norge.","In Norway, we have several political parties. The largest parties are the Labor Party, the Conservative Party, the Progress Party, the Center Party, the Liberal Party, the Christian People's Party, the Socialist Left Party and the Green Party. Each party has its own ideas and goals for the country. The Labor Party often works for justice, more jobs and a strong welfare system. The Conservative Party focuses on economic growth, private solutions and lower taxes. The Progress Party wants lower taxes and stricter rules for immigration. The Center Party wants Norway to have strong rural areas and a focus on agriculture and local issues. The Liberal Party is a party that works for the environment, education and technology. The Christian People's Party is concerned with family values and Christian traditions. The Socialist Left Party wants justice and wants everyone to have the same opportunities. The Green Party focuses on the climate and wants a greener future. These parties work together in different ways to find solutions that suit all of Norway.",
Norske vafler,Norwegian Waffles,food,A2,"Norske vafler er en veldig populær mat i Norge. De er søte, myke og har en spesiell hjerteform. Vafler spises ofte til kaffepauser, bursdager eller andre små feiringer. Mange nordmenn lager vafler hjemme, men man kan også kjøpe dem på kafeer eller i kiosker. Deigen til vafler lages med ingredienser som mel, egg, melk, sukker og smør. Noen tilsetter litt kardemomme for ekstra smak. Når deigen er klar, steker man vaflene i et vaffeljern til de blir gyldne og sprø. Vanlige tilbehør til vafler er rømme, syltetøy, brunost eller sukker. Mange liker også å spise dem med smør og geitost. I Norge er det vanlig å servere vafler både til hverdags og fest, og de er en favoritt for både barn og voksne.","Norwegian waffles are a very popular food in Norway. They are sweet, soft and have a special heart shape. Waffles are often eaten for coffee breaks, birthdays or other small celebrations. Many Norwegians make waffles at home, but you can also buy them in cafés or kiosks. The dough for waffles is made with ingredients such as flour, eggs, milk, sugar and butter. Some people add a little cardamom for extra flavor. Once the batter is ready, the waffles are cooked in a waffle iron until golden and crispy. Common accompaniments to waffles are sour cream, jam, brown cheese or sugar. Many people also like to eat them with butter and goat's cheese. In Norway, it's common to serve waffles for both everyday and festive occasions, and they are a favorite for both children and adults.",
Sokrates' søken etter sannhet,Socrates' Quest for Truth,philosophy,B2,"Sokrates er en av historiens mest fascinerende filosofer. Han levde i det gamle Hellas rundt 400 før Kristus og brukte livet sitt på å stille spørsmål som ingen andre våget å stille. Sokrates mente at sann kunnskap kom fra å undersøke sine egne tanker og tro, og han oppfordret alle til å tenke kritisk, selv om det utfordret etablerte oppfatninger og autoriteter. En av de mest kjente metodene hans er det vi kaller den sokratiske metode. Denne består i å stille åpne, ledende spørsmål for å utfordre samtalepartnerens tanker. I stedet for å gi klare svar, tvang han folk til å reflektere dypt over sine egne meninger. Han stilte ofte enkle, men gjennomtrengende spørsmål som: “Hva er rettferdighet?” eller “Hva betyr det å leve et godt liv?” På denne måten kunne han avdekke uklarheter og selvmotsigelser i folks resonnementer. Sokrates mente at uvitenhet var roten til mange problemer, men at det var bedre å innse sin egen uvitenhet enn å leve med falsk kunnskap. Hans berømte utsagn “Det eneste jeg vet, er at jeg ingenting vet” var ikke bare en ydmyk erkjennelse, men også et utgangspunkt for læring. Han trodde at hvis man erkjenner sin uvitenhet, er man mer åpen for sannhet og visdom. Til tross for at han ble en populær figur i Athen, ble Sokrates sett på som en trussel av myndighetene. De mente han ødela ungdommens respekt for tradisjoner og guder. Til slutt ble han dømt til døden for “å korrumpere ungdommen” og “ikke å anerkjenne byens guder”. I fengselet fikk han muligheten til å flykte, men han nektet. Han trodde at det var viktigere å følge sine prinsipper enn å redde sitt eget liv. Sokrates' søken etter sannhet og rettferdighet har påvirket vestlig filosofi dypt, og hans idé om å utfordre etablerte sannheter lever videre. Gjennom sin metode lærte han oss å tenke selv, og ikke bare godta det vi blir fortalt. Sokrates' arv minner oss om at ekte visdom kommer fra å våge å stille spørsmål – selv de vanskeligste og mest ubehagelige.","Socrates is one of history's most fascinating philosophers. He lived in ancient Greece around 400 BC and spent his life asking questions that no one else dared to ask. Socrates believed that true knowledge came from examining one's own thoughts and beliefs, and he encouraged everyone to think critically, even if it challenged established beliefs and authorities. One of his most famous methods is what we call the Socratic method. This consists of asking open-ended, leading questions to challenge the interlocutor's thoughts. Instead of giving clear answers, he forced people to reflect deeply on their own opinions. He often asked simple but penetrating questions like: “What is justice?” or ”What does it mean to live a good life?” In this way, he could uncover ambiguities and contradictions in people's reasoning. Socrates believed that ignorance was the root of many problems, but that it was better to recognize one's own ignorance than to live with false knowledge. His famous statement “The only thing I know is that I know nothing” was not only a humble acknowledgement, but also a starting point for learning. He believed that if you acknowledge your ignorance, you are more open to truth and wisdom. Despite becoming a popular figure in Athens, Socrates was seen as a threat by the authorities. They believed he was destroying young people's respect for traditions and gods. In the end, he was sentenced to death for “corrupting the youth” and “not recognizing the gods of the city”. In prison, he was given the opportunity to escape, but he refused. He believed that following his principles was more important than saving his own life. Socrates' search for truth and justice has deeply influenced Western philosophy, and his idea of challenging established truths lives on. Through his method, he taught us to think for ourselves and not just accept what we are told. Socrates' legacy reminds us that true wisdom comes from daring to ask questions - even the most difficult and uncomfortable ones.",
"Natalie Wynns filosofi: identitet, moral og skjønnhet","Natalie Wynn's Philosophy: Identity, Morality and Beauty",philosophy,B2,"Natalie Wynn, kjent under sitt YouTube-navn ContraPoints, er en moderne filosof og kulturell kritiker som bruker skjønnhet, humor og teater for å utforske komplekse temaer som identitet, moral og sosial rettferdighet. Hun har blitt en viktig stemme i filosofiske diskusjoner på internett, og hennes tanker utfordrer både vanlige forestillinger og etablerte normer. Wynn er spesielt opptatt av hvordan identitet formes, særlig i vår digitale tid, hvor vi ofte “fremfører” oss selv foran et publikum. Hun mener at identitet ikke er fastsatt, men heller noe vi stadig konstruerer gjennom valg, roller og selvpresentasjon. Inspirert av både postmoderne og eksistensialistisk filosofi, stiller hun spørsmål som: Hvem er vi egentlig, og hvem prøver vi å være? Hun mener at mennesker hele tiden skaper seg selv, både gjennom små valg i hverdagen og i større livsavgjørelser. Wynn utforsker hvordan dette kan være både befriende og frustrerende, da man må stå til ansvar for sine egne valg, men også fordi det skaper en konstant usikkerhet rundt hvem man “egentlig” er. Et annet viktig tema i Wynns filosofi er moral, og spesielt hvordan vi håndterer uenighet i dagens polarisert samfunn. Hun tror på dialog og evnen til å forstå perspektivene til de man er uenig med. I en verden der moralisme og “cancel culture” ofte dominerer, argumenterer hun for empati og nysgjerrighet. Wynn mener at det å avvise folk uten å forstå deres bakgrunn eller motivasjon fører til isolasjon og misforståelser. I stedet for raske fordømmelser, oppmuntrer hun til å reflektere over våre egne moralske standpunkter og vurdere hvordan vi kan nå fram til hverandre på en ekte måte. En fascinerende del av Wynns filosofi er hennes bruk av estetikk og skjønnhet som et verktøy for å formidle budskap. Hun tror at kunst og visuelle uttrykk har en spesiell kraft til å vekke følelser og åpne sinn. Gjennom elegante, teatralske videoer skaper hun et rom der seerne kan reflektere over vanskelige spørsmål på en ny måte. Wynns videoer er som små kunstverk der hvert kostyme, hver farge og hver scene har en dypere mening som støtter temaet hun utforsker. For Wynn handler skjønnhet om å engasjere folk på et emosjonelt nivå, og dette gjør filosofien hennes både tilgjengelig og dypt tankevekkende. Natalie Wynns filosofi er en unik blanding av humor, kritisk tenkning og estetisk opplevelse. Hun minner oss om at det å forstå oss selv og andre ikke bare handler om fakta og logikk, men også om følelser, empati og en vilje til å omfavne kompleksiteten i den menneskelige opplevelsen.","Natalie Wynn, known by her YouTube name ContraPoints, is a contemporary philosopher and cultural critic who uses beauty, humor, and theater to explore complex themes of identity, morality, and social justice. She has become an important voice in philosophical discussions on the internet, and her thoughts challenge both common notions and established norms. Wynn is particularly interested in how identity is formed, especially in our digital age, where we often “perform” ourselves in front of an audience. She believes that identity is not fixed, but rather something we constantly construct through choices, roles and self-presentation. Inspired by both postmodern and existentialist philosophy, she asks questions like: Who are we really, and who are we trying to be? She believes that people are constantly creating themselves, both through small choices in everyday life and in larger life decisions. Wynn explores how this can be both liberating and frustrating, as you have to be accountable for your own choices, but also because it creates a constant uncertainty about who you “really” are. Another important theme in Wynn's philosophy is morality, and in particular how we deal with disagreement in today's polarized society. She believes in dialog and the ability to understand the perspectives of those you disagree with. In a world where moralism and cancel culture often dominate, she argues for empathy and curiosity. Wynn believes that dismissing people without understanding their backgrounds or motivations leads to isolation and misunderstanding. Instead of quick judgments, she encourages us to reflect on our own moral stances and consider how we can genuinely reach out to each other. A fascinating part of Wynn's philosophy is her use of aesthetics and beauty as a tool to convey messages. She believes that art and visual expression have a special power to evoke emotions and open minds. Through elegant, theatrical videos, she creates a space where viewers can reflect on difficult questions in a new way. Wynn's videos are like small works of art where each costume, color and scene has a deeper meaning that supports the theme she is exploring. For Wynn, beauty is about engaging people on an emotional level, and this makes her philosophy both accessible and deeply thought-provoking. Natalie Wynn's philosophy is a unique blend of humor, critical thinking and aesthetic experience. She reminds us that understanding ourselves and others is not just about facts and logic, but also about emotion, empathy and a willingness to embrace the complexity of the human experience.",